title,content,url,sub_title,year
高通量测序技术在动植物研究领域中的应用,"… 成本和超高的数据产出量为特征,为基因组学和后基因组学研究带来了新的科研方法和解决方案
.在动植物研究领域,高通量测序引领了一次具有… 该技术在基因组、转录组和表观基因组等领域
展开多层次多方面多水平研究.本文就高通量测序技术应用于动植物基因组学和功能基因组学研究…",https://www.cnki.com.cn/Article/CJFDTotal-JCXK201202003.htm,岳桂东， 高强， 罗龙海， 王军一， 许姣卉， 尹烨 - 2012 - cnki.com.cn,0
高等植物基因组测序回顾与展望,"… 重 测序, 序列比对发现了40多万个SNPs、4万个以上 小的插入缺失多态性( InDels)和6 000个
以上的基 因组结构变异, 这些结果为发展高密度分子标记和 功能基因挖掘打下了基础。新一代测序
技术突破了 序列测定的瓶颈, 华大基因日产数据量已达60 Gb, 相当于将水稻基因组测140遍的…",http://biotech.aiijournal.com/CN/abstract/abstract6070.shtml,"刘蓉蓉 - 生物技术通报, 2011 - biotech.aiijournal.com",2011
药用植物基因组及EST 研究,"… 植物没有核酸序列报道, 77% 的药用植物没有蛋白质序列注 册。进行药用植物基因组研究的植物
与国家十分有限, 而进行药用植物EST 研究的国家相对较 多, 涉及的植物… 我国北京华 大基因研究
中心在水稻基因组研究中取得重要进 展, 正在启动大豆基因组研究( http: www. genomics. org. …",http://manu60.magtech.com.cn/biotech/CN/abstract/abstract4666.shtml,"王伟， 朱平， 程克棣 - 中国生物工程杂志, 2004 - manu60.magtech.com.cn",2004
几种三华李基因组DNA 提取方法的比较研究,"… 低pH值法、SDS-CTAB法和氯化苄法等8种目前常用植物基因组DNA提取方法为基础，通过采用
异丙醇和无水乙醇进行2次常温短暂… 华李基因组DNA提取的效果进行比较。结果表明，8种方法
中以CTAB法最优，改良CTAB法其次，高盐低pH值法稍逊，其他5种方法则不适合于三华李基因组…",http://www.cqvip.com/qk/93992a/201001/32833615.html,"谢志亮， 何业华， 彭兵， 刘成明， 胡中沂， 余小玲… - 中国南方果树, 2010 - cqvip.com",2010
一种快速简便的植物病原真菌基因组DNA 提取方法,"… 基因组DNA提取的方 法很多，植物病原真菌基因组DNA提取主要借鉴 植物基因组DNA的提取
方法，然而，有些方法试 剂昂贵或者步骤繁琐。本文以5种分类地位差异 明显的植物病原真菌为材料
，对4种不同的基因组 … 1．4．2 CrAB 提取法根据Saghai等和易润 华等JCTAB法，略有改进。0．…",http://zwblxb.magtech.com.cn/CN/article/downloadArticleFile.do?attachType=PDF&id=1478,"刘少华， 陆金萍， 朱瑞良， 戴富明 - 植物病理学报, 2005 - zwblxb.magtech.com.cn",2005
植物功能基因组研究,"… 鉴于上述，植物王国里最先被测序并详细分析 的基因组就成了里程碑式的成就。2000 年12 月 
Nature发表了十字花科植物拟南芥（Arabidopsis thaliana）的全基因组序列分析结果[1]；2002 年
，作为 另一种模式植物和人类主要粮食作物——水稻的 全基因组序列测定也已基本完成，即：华大…",http://www.bulletin.cas.cn/zgkxyyk/ch/reader/create_pdf.aspx?file_no=20030404,"韩斌 - 中国科学院院刊, 2003 - bulletin.cas.cn",2003
第二代测序技术在植物基因组研究中的应用,"… 【摘要】：正伴随着第二代测序技术的广泛应用,越来越多的植物基因组得到了破译。… 对植物
基因组的高深度测序。首先,基于少量测序数据,通过信息分析的手段,我们可以对植物基因组进行一个
初步的评估,推断该物种的基因组大小,并初步掌握该基因组的杂合和重复情况,为进一步完成基因组…",https://cpfd.cnki.com.cn/Article/CPFDTOTAL-ZGZO201108001053.htm,"宋驰 - 第十届全国药用植物及植物药学术研讨会论文摘要集, 2011 - cpfd.cnki.com.cn",2011
植物功能基因组研究中出现的新型分子标记,"随着功能基因组学的发展, 表达序列标签(Expressed Sequence Tags, ESTs) 已经成为开发以PCR 为基础的新型分子标记的重要资源. 本文综述了植物功能基因组研究中出现的EST-SSR, CAPS, SNP, SRAP 和TRAP 等新型分子标记的基本原理和特点 …",http://manu60.magtech.com.cn/biotech/CN/abstract/abstract1230.shtml,"赵雪， 谢华， 马荣才 - 中国生物工程杂志, 2007 - manu60.magtech.com.cn",2007
木本植物全基因组测序研究进展,"… 植物通常基因组较大, 基因组结构较为复杂, 在测序、测序后的组装、注释、功能分析等均存在较 
大的困难。在基因组测序分析的经费预算方面也存在着较大… , 木本植物生命周期较长、 基因组的
杂合度较高、基因组较大, 且多数发生过 基因组的复制, 遗传背景不清晰, 这些瓶颈限制了 林木全…",http://www.chinagene.cn/CN/Y2012/V34/I2/145,"施季森， 王占军， 陈金慧 - 遗传, 2012 - chinagene.cn",2012
几种鼠尾草属植物基因组C 值测定,"… 、华鼠尾草、龙胆鼠尾草、匐茎鼠尾草的1C 含量，分别为： 0.604、1.158、0.634、0.579和0.954 
pg，结果表明：不同鼠尾草的基因组C值的具有显著差异，与文献中报道 的同类植物的C值变化
范围相近。本研究可为鼠尾草属的基因组学研究、细胞生物学研究和种质资源研 究提供重要依据。 …",http://journal05.magtech.org.cn/Jwk_ny/CN/article/downloadArticleFile.do?attachType=PDF&id=10793,"林峰， 周翔宇， 徐莉， 孙海军， 宣艳 - 农业生物技术学报, 2017 - journal05.magtech.org.cn",2017
华大基因: 无止创新路,"… 摘要：几乎在每年的高交会上,华大基因都有创新项目上马或是创新的成果发布。某种程度上,华
大式创新已经成为高交会的保留项目。在今年的第十六届高交会上,华大基因推出的是令人眼前一
亮的＂分子育种技术＂。创新渊薮11月15日的会展中心,华大基因全基因组分子育种技术成果发布…",http://www.cqvip.com/qk/92452x/201423/663065088.html,"张兴军 - 中国经济信息, 2014 - cqvip.com",2014
,,,"李津， 张伯玲 - 科技中国, 2005",0
高等植物线粒体基因组进化分析,"摘要线粒体是进行呼吸代谢, 为生命活动提供能量的细胞器; 其基因组相对独立于核基因组, 表现为半自主遗传特性. 植物线粒体基因组较大, 基因组重排, 重复序列重组, 以及基因获得/缺失/转移/重复等频繁发生, 很大程度影响其基因的正常功能行使; 同时, 也增加了研究其基因功能及 …",https://www.researchgate.net/profile/Jinping-Hua/publication/291045997_Evolutionary_analysis_of_mitochondrial_genomes_in_higher_plants/links/56f6351408ae95e8b6d1e25b/Evolutionary-analysis-of-mitochondrial-genomes-in-higher-plants.pdf,雷彬彬， 李双双， 刘国政， 王玉美， 苏爱国， 华金平 - 2012 - researchgate.net,0
植物线粒体结构基因组研究进展,"植物线粒体基因组具有复杂的结构特征: 基因组200~ 2400kb 不等. 变化大, 重组频繁. 存在水平基因迁移现象等. 基因组中既含有非常保守的功能基因. 也存在高度变异的基因间区序列. 大量研究表明. 线粒体基因组是植物细胞质雄性不育因子的载体. 综述了近年来植物线粒 …",https://www.researchgate.net/profile/Jinping-Hua/publication/291046441_The_research_progress_on_the_structural_genomics_of_plant_mitochondrial_genome/links/56f6354808ae7c1fda2ef070/The-research-progress-on-the-structural-genomics-of-plant-mitochondrial-genome.pdf,"…， 王玉美， 雷彬彬， 刘国政， 康定明， 华金平 - 中国农业科技 …, 2011 - researchgate.net",2011
植物基因组编辑检测方法,"… 体植物，由于存在两个以上的等位基因，基因组的 情况更为复杂，这对基因编辑的检测带来更高
的挑 战。本文对目前植物基因组编辑在目标位点的… 方法进行了综述，对各种检测方法进行了详细
的介 绍和对比，并进一步对各种检测方法的应用趋势进 行了分析，以期为植物基因组编辑的应用…",http://www.chinagene.cn/EN/abstract/abstract5315.shtml,"刘春霞， 耿立召， 许建平 - 遗传, 2018 - chinagene.cn",2018
,,,"赵凡 - 科技成果管理与研究, 2012",0
,,,"丁佳 - 北京农业: 实用技术, 2013",0
,,,"易珏 - 中国经济信息, 2011",0
《 Nature》 关注华大基因上市,"… 了华大基因上市的新闻。《Nature》称中国的基因组学巨头华大基因曾是基础科学DNA测序领域
的全球领导者。现在,华大基因上市在即,标志着这家公司即将完成主攻生殖健康等生物医学业务的
重大转型。华大的IPO招股说明书透露,受竞争对手挤压和测序成本骤降影响,华大基因已将关注点…",http://www.cqvip.com/qk/98255x/201707/74756778504849554855484853.html,"一宏， 王雯慧 - 中国农村科技, 2017 - cqvip.com",2017
植物乳杆菌PC518 菌株的两个质粒和福菜乳杆菌Y97 菌株基因组的序列分析,"… 植物乳杆菌PC518菌株中的新质粒;2.对新质粒进行序列分析和生物学特性的分析;3.福菜乳杆菌
Y97的全基因组序列分析。材料与方法1.采用本课题组改良后的方法来提取植物… 菌体,将菌体送
至北京华大基因科技有限公司进行全基因组序列测序。结果1.在植物乳杆菌PC518菌株中检出两个…",https://cdmd.cnki.com.cn/Article/CDMD-13705-1020962977.htm,许晓羽 - 2020 - cdmd.cnki.com.cn,0
,,,"吴群 - 食品开发, 2014",0
药用植物华重楼(黑药花科) 叶绿体全基因组研究(英文),"… 华重楼(Paris polyphylla var.chinensis)的叶绿体基因组特征,利用叶绿体系统发育基因组学方法
,对华重楼与其它百合目植物的叶绿体全基因组进行了比较。结果表明,华重楼的叶绿体全基因组… 
(SSC,18175 bp)和1个大单拷贝区(LSC,85187 bp)。其叶绿体基因组有115个基因,包括81个编码…",https://www.cnki.com.cn/Article/CJFDTotal-RYZB201506002.htm,"李晓娟， 杨振艳， 黄玉玲， 纪运恒 - 热带亚热带植物学报, 2015 - cnki.com.cn",2015
,,,"S Xie - 基因组学与生物技术, 2013",0
,,,"梅启明， 董斌， 王丹， 郑明轩 - 《 分子植物育种》 印刷版, 2021",0
园艺作物基因组技术研究及展望,"… 美国一直引领着国际上大多数基因组测序计 划,这得益于美国政府在政策上长期持续对植物 
基因组学研究的支持。 1998 年,由美国农业部 (… 深 圳华大基因组研究院合作,率先利用第二代基因 
组测序技术完成黄瓜基因组测序,这是世界上第 一个利用第二代基因组测序技术完成的植物基因 组…",http://www.nkdb.net/CN/article/downloadArticleFile.do?attachType=PDF&id=10185,"王晓武 - 中国农业科技导报, 2013 - nkdb.net",2013
芦笋基因组测序——拉开芦笋分子育种的序幕,"… 【摘要】：正江西省农业科学院联合美国乔治亚大学植物生物学系、华大基因、中国科学院植物
研究所、中国热带农业科学院生物技术研究所、云南农业大学等国际合作团队(美、中、荷、意、德、日
、泰7个国家27个研究机构),历时7年研究,合作完成了世界上首个芦笋(Asparagus officinalis L.)全…",https://www.cnki.com.cn/Article/CJFDTotal-JCXK201810012.htm,"周劲松， 罗绍春， 朱友林， 陈光宇 - 中国科学: 生命科学, 2018 - cnki.com.cn",2018
,,,"姚音 - 中欧商业评论, 2013",0
我国科学家完成世界第一张籼稻基因组精细图,"… ""精细图"",将为全球从事水稻和植物生物学研究的科学家提供急需的数据。而今,这一工作在中国
科学院基因组信息学中心暨北京华大基因研究… 宣布中国科学院基因组信息学中心完成了水稻
(籼稻)基因组""精细图""的工作。这是全世界第一张农作物的基因组精细图谱,也是一项令世界瞩目的 …",https://www.cnki.com.cn/Article/CJFDTotal-KXXE200301004.htm,"郑金武 - 科学新闻, 2003 - cnki.com.cn",2003
植物基因组研究国际发展态势分析,"… ,在美国甚至也超过了小麦;在机 构方面美国农业部农业研究局(ARS),美国康奈尔大学,中国农业
大学,美国爱荷华 州立大学研究较多. … 基因组,植物基因组等主题形成强相关;以A,B,C,D-genome 
等主题 形成强相关;以基因组复制,进化基因组等主题形成第III 部分;以线粒体基因组,叶 绿体基因组…",http://ir.las.ac.cn/bitstream/12502/4476/2/%E6%A4%8D%E7%89%A9%E5%9F%BA%E5%9B%A0%E7%BB%84%E7%A0%94%E7%A9%B6%E5%9B%BD%E9%99%85%E5%8F%91%E5%B1%95%E6%80%81%E5%8A%BF%E5%88%86%E6%9E%90.pdf,陈芳， 郑菲， 彭皓 - 2011 - ir.las.ac.cn,0
,,,"唐慧， 郑炜 - 走近科学, 2004",0
中药植物川牛膝基因组从头测序及分析,"… 基因组意义重大ꎮ 目前ꎬ二代测序技术迅猛发展ꎬ并在植物中广泛应 用ꎮ 目前ꎬ拟南芥 [１４] 、水稻
[１５] 等多个物种均已利 用二代测序技术完成了全基因组… 取幼嫩叶片ꎬ使用改良ＣＴＡＢ 法[１８] 
提取ＤＮＡꎬ并使用干冰保存ꎬ运输至深圳市 华大基因研究院华大公司样品质量检测合格并 测算ꎮ …",http://www.nkdb.net/CN/article/downloadArticleFile.do?attachType=PDF&id=10673,"闫燊， 池旭， 童凯， 李昭玲， 邓孟胜， 唐勇斌， 田孟良 - 中国农业科技导报, 2016 - nkdb.net",2016
药用植物华重楼(黑药花科) 叶绿体全基因组研究,"… 摘要：为探究华重楼(Paris polyphylla var. chinensis)的叶绿体基因组特征，利用叶绿体系统
发育基因组学方法，对华重楼与其它 百合目植物的叶绿体全基因组进行了比较。结果表明，华重楼
的叶绿体全基因组长158307 bp，由4 个区组成，包括2 个反向重 复区(IRA和IRB，27473 bp)、1 个…",https://www.researchgate.net/profile/Yunheng-Ji/publication/311106440_Complete_Chloroplast_Genome_of_the_Medicinal_Plant_Paris_polyphylla_var_chinensis_Melanthiaceae/links/583e3a1308ae2d217554c93e/Complete-Chloroplast-Genome-of-the-Medicinal-Plant-Paris-polyphylla-var-chinensis-Melanthiaceae.pdf,"李晓娟， 杨振艳， 黄玉玲， 纪运恒 - 热带亚热带植物学报, 2015 - researchgate.net",2015
高等植物线粒体基因组测序和序列分析,"摘要线粒体是真核细胞内的重要细胞器, 是一种遗传上半自主性的细胞器, 编码与自身功能相关的部分基因, 参与生命活动一些过程. 植物的线粒体基因组较动物的更为复杂, 且与植物细胞质雄性不育和物种进化密切相关. 本文概述了植物线粒体基因组测序工作 …",http://zgnydxxb.cnjournals.com/zgnydxxb/ch/reader/create_pdf.aspx?file_no=20110204&year_id=2011&quarter_id=2&falg=1,李双双， 薛龙飞， 苏爱国， 雷彬彬， 王玉美， 华金平 - 2011 - zgnydxxb.cnjournals.com,0
我科学家领衔完成小麦A 基因组测序,"… A基因组测序和草图绘制。这项研究由中科院遗传与发育生物学研究所植物细胞与染色体工程
国家重点实验室小麦研究团队发起,通过与深圳华大基因研究院和美国加州大学戴维斯分校合作
完成。据悉,生产商广泛种植的普通小麦是一个异源六倍体,含有A、B和D三个基因组。研究团队利用 …",https://www.cnki.com.cn/Article/CJFDTotal-BJNY201314041.htm,"李波 - 北京农业, 2013 - cnki.com.cn",2013
,,,徐讯 - 2015,0
,,,王筱 - 2015,0
转稗草基因水稻的蛋白质组学研究,"… 。赵炳然小组采用茎穗注射法将提取的稗草(与水稻同为禾本科的C4植物)的基因组片段转入
到优质水稻恢复系R207中,获得变异株。经过7代的系统繁育,得到了一个稳定的种系,RB207。RB207与
原受体R207比,叶片明显增大,茎杆粗壮,抗倒伏性增强,植株增高,产量提高,而且米质改善。但是…",https://cpfd.cnki.com.cn/Article/CPFDTOTAL-IGSS200507002048.htm,"赵彩凤， 赵炳然， 王敬强， 赵康， 舒绍坤… - 中国蛋白质组学第三届 …, 2005 - cpfd.cnki.com.cn",2005
濒危植物岩黄连叶片中基因组DNA 的提取及分析,"目的获取高质量的岩黄连基因组DNA. 方法用改进的SDS-CTAB 法从岩黄连叶片中提取基因组DNA. 通过琼脂糖凝胶电泳, 紫外分光光度法, PCR 检测其质量, 并与传统的CTAB 法比较. 结果通过改进的SDS-CTAB 法提取的DNA 优于CTAB 法提取的DNA, 电泳条带清晰, 纯度高 …",http://www.cqvip.com/qk/97193a/200609/22873810.html,"程华， 周蓬蓬， 余龙江， 胡琼月， 朱路， 刘智， 敖明章 - 时珍国医国药, 2006 - cqvip.com",2006
流式细胞术在测定竹类植物基因组大小中的应用,"… 竹类植物不同组织部位及不同处理方法对其基因组大小的影响，可提高植物基因组大小测定
精度。 方法 以竹类植物叶片和笋为材料，以水稻Oryza sativa为参照，设置细胞核染色时间为1、3、5、7、9、12、18、24和
30 min共9个梯度，利用流式细胞仪对不同组织部位及处理的基因组大小…",https://zlxb.zafu.edu.cn/article/doi/10.11833/j.issn.2095-0756.20200212?utm_source=TrendMD&utm_medium=cpc&utm_campaign=Journal_of_Zhejiang_A%2526F_University_TrendMD_1,"陈蓉芬， 黄坚钦， 陈荣， 徐川梅 - 浙江农林大学学报, 2021 - zlxb.zafu.edu.cn",2021
枣和酸枣基因组大小测定,"… 流程,进而测定它们的基因组大小。结果显示,在所对比的5 种裂解液中,WPB 最适合枣属植物细胞
裂解。以毛… 植物基因组大小。各枣品种的基因组大小有一定差异,平均基因组大小约为418.56 
Mb,其中:‘冬枣爷的基因组大小为(393.60 ±4.72)Mb,即C-值为(0.40 ±0.01)pg;‘鲁枣2 号爷的基因组…",http://j.bjfu.edu.cn/article/id/9924,"吴丽萍， 唐岩， 李颖岳， 尹丹妮， 庞晓明 - 北京林业大学学报, 2013 - j.bjfu.edu.cn",2013
走进中国的基因测序工厂,"… ,这个天才少年的目的地是世界上最大的基因组测序中心。如今几年过去了,在由一家鞋厂翻新而
成的深圳华大基因研究院总部,这个21岁的年轻人… 个DNA碱基对。深圳华大基因研究院,原名北京
基因组研究所,它仿佛是一夜之间从一家默默无闻的冷门机构变成了世界上最大的人类及动植物 …",https://www.cnki.com.cn/Article/CJFDTotal-KJCE201303018.htm,"C Larson, P Engelhorn - 科技创业, 2013 - cnki.com.cn",2013
以TMV 为模式建立基于宏基因组学的植物病毒检测方法木,"… ), Reversetransscriptase, RNase H, Premix Exro~,PrimeScriptII反转录试剂盒等购自TaKaRa 
公司;纤维素粉购自Sigma公司;总RNA提取试剂 盒购自天根生物公司;EZNAVirusDNAKit病 毒
DNA提取试剂盒购自Omega公司;随机引物UN— RIt,Barcode特异引物由华大基因公司合成. 表1 …",https://ir.nsfc.gov.cn/paperDownload/ZD5152745.pdf,"刘悦， 孔宝华， 王连春， 王崇德， 吴德喜… - 云南农业大学学报(自然 …, 2017 - ir.nsfc.gov.cn",2017
生物基因组测序发展现状和对策建议,"… 基因组测序计划启动!测序工作正在大规模 开展中"" 2008 年1 月由中国#英国和美国的科学家组
戒的国际协 作组宣布国际’千人基因组计划(正式启动"" 中国在这方面的研究 进展是)2009 年4 月
深圳华大… 基因组的测序"" 对具有重要经济价值的动物# 植物和微生物等物种进行全面的全 基因组…",http://www.kjdb.org/CN/article/downloadArticleFile.do?attachType=PDF&id=3323,"张江丽 - 科技导报, 2011 - kjdb.org",2011
《 基因组蛋白质组与生物信息学报》 出版,"… enom/cs, Proteomics&Bioinformatics (GPB)(《 基因组蛋白质组与生物信息学报》) 是中国科学院
遗传与发育生物学研究所与中国遗传学会主办, 北京华大基因研究… 综述:(1) SR 蛋白家族研究进展
;(2) 基因表达芯片分析可信吗?(3) 满江红——植物基因组研究的模式生物. 3. 研究论文:(1) 水稻…",http://www.cqvip.com/qk/95085x/200305/7802326.html,"龚未 - 遗传学报, 2003 - cqvip.com",2003
未来基因测序的走向,"… 植物基因组 测序和分析相继完戒!石蟹猴&裸鼠&仓鼠卵巢*CHO$细系& 牛等动物的基因组… 华
大基因研究中U’!领衔完成了&人类基因组序列图’ 和&人类基因组单体型图’的&中国卷’!为我国的
水稻(家鸡(家蚕等大型基因组!以及&非 典’病毒等微生物基因组的研究做出了重大贡献!为我国基因组…",http://www.kjdb.org/CN/article/downloadArticleFile.do?attachType=PDF&id=9834,"杨焕明 - 科技导报, 2012 - kjdb.org",2012
基因组学: 理解植物入侵性的重要工具,"… 机制, 甄别入侵性基因型, 进而在基因组水平上揭示外来种入侵性产生和进化的分子机制。本文
扼要综述了 可用于植物入侵生物学研究的主要… , 植物入侵性研究的基因组学方 法可归为三种: 
比较基因组学、功能基因组学和表 观基因组学。本文将先介绍这些方法, 然后讨论入 侵植物基因组学…",https://www.biodiversity-science.net/CN/abstract/abstract8510.shtml,"尚蕾 - 生物多样性, 2010 - biodiversity-science.net",2010
基因组编辑技术在植物中的应用研究进展,"… ] 基因组编辑技术以准确, 高效, 简单的操作而发展迅速, 近年来以CRISPR/Cas 系统为代表的
基因组编辑技术在基因功能研究, 疾病治疗, 植物… 关联蛋白(CRISPR/Cas) 系统的原理及特点, 
着重介绍CRISPR/Cas 技术在植物中的研究应用进展, 对植物基因组编辑技术发展前景进行了展望. …",http://gznykx.org.cn/Jweb_gznykx/CN/article/downloadArticleFile.do?attachType=PDF&id=3221,"潘志文， 高洁儿， 陈伟庭， 周峰， 姚涓， 姜大刚 - 贵州农业科学, 2020 - gznykx.org.cn",2020
植物水平基因转移研究进展,"水平基因转移, 一般分为细胞内部或者跨越物种边界的遗传物质交流. 跨界直接介导方式, 包括共生, 内共生, 寄生, 嫁接等. 细胞内的基因转移, 主要包括细胞核与细胞器基因组间的相互渗透; 跨越物种边界的遗传物质交流, 主要涉及寄生与寄主植物的基因横向转移 …",http://www.cqvip.com/qk/90547a/201801/674739359.html,"陈志文， 王玉美， 聂虎帅， 王梅燕， 华金平 - 中国农业大学学报, 2018 - cqvip.com",2018
利用重测序技术获取转基因植物T-DNA 插入位点,"… T-DNA 插入位点是指转基因植物中载体T-DNA 序列插入到染色体的位置。在植物功能基因组
学研 究中，明确T-DNA 插入… 基因组序列 上，PCR 扩增产物长度预期在250~500 bp 之间，对 3 
份转基因材料基因组DNA 进行PCR 验证，确定 每份转基因材料的插入位点是否正确。引物由华大 …",http://www.chinagene.cn/CN/abstract/abstract5302.shtml,"徐纪明， 胡晗， 毛文轩， 毛传澡 - 遗传, 2018 - chinagene.cn",2018
四倍体野生种花生A. monticola 全基因组SSR 的开发与特征分析,"… 基因组SSR位点搜索,研究其全基因组SSR分布特征及规律,开发并验证其全基因组SSR引物,为
花生属植物遗传进化分析及重要性状分子标记开发提供依据。【方法】在华大基因GigaScience数据库
下载A.monticola全基因组序列,并利用生物信息学软件MISA进行SSR位点搜索,Primer 3进行…",https://www.cnki.com.cn/Article/CJFDTotal-ZNYK201915002.htm,"王玉龙， 黄冰艳， 王思雨， 杜培， 齐飞艳， 房元瑾… - 中国农业科学, 2019 - cnki.com.cn",2019
三种罗布麻干燥叶片基因组DNA 的提取方法,"… 摘要：采用Qiagen的植物基因组DNA提取试剂盒并加以改进，首次从不同季节采收、不同干燥
方法保存的三种罗布麻（… 、大叶白麻和白麻）干燥叶片中提取出基因组DNA．提取的基因组TE溶解
液的OD260/OD280值多在1．7～1．9范围内，电泳呈现单条带，核基因组的ITS片段、叶绿体基因组…",http://www.cqvip.com/qk/96482x/2007001/23986378.html,"张卫明， 王曼丽， 彭雪梅， 薛华杰， 陆长梅 - 南京师大学报: 自然科学版, 2007 - cqvip.com",2007
基于株高性状的玉米EST 序列与水稻基因组的比较研究,"摘要从已公布的玉米分子标记中, 挑选出均匀覆盖玉米全基因组, 平均间距小于10 cM 的224 个SSR 和RFLP 分子标记, 从NCBI 上查找这些标记所在的玉米EST 或基因的原始序列, 逐一与水稻数据库的序列信息进行同源性比较. 结果表明: 在PN< 1e25 水平上 …",https://citeseerx.ist.psu.edu/viewdoc/download?doi=10.1.1.717.3970&rep=rep1&type=pdf,"严建兵， 王毅， 汤华， 黄益勤， 李建生， 郑用琏 - 作物学报, 2004 - Citeseer",2004
地球生物基因组计划与生物分类学,"… 年清华大学深圳研究生 院与深圳市兰科植物保护研究中心(全国兰科植物 种质资源保护中心)启动
了―兰花基因组计划‖.这些 都是分类学背景… 和整合机制尚未建立.拯救 植物需要了解植物.时间
已经十分紧迫.‖ 深圳华大基因研究院拥有国际最大规模的综 合基因组分析平台.美国史密森…",http://ir.ioz.ac.cn/bitstream/000000/13351/1/%E6%9C%B1-%E5%9C%B0%E7%90%83%E7%94%9F%E7%89%A9%E5%9F%BA%E5%9B%A0%E7%BB%84%E8%AE%A1%E5%88%92%E4%B8%8E%E7%94%9F%E7%89%A9%E5%88%86%E7%B1%BB%E5%AD%A6.pdf,朱朝东， 罗世孝， 周欣， 陈华燕， 张冠阳 - 2017 - ir.ioz.ac.cn,0
水稻基因组多样性及其在绿色超级稻育种中的应用,"… 科学家，2012年全职回国。国际动植物基因组年会植物分子育种分会主持人，第二、三届国际
植物分子育种研讨会主席。Plant … 基因组遗传多样性和群体遗传结构，为我国水稻功能基因组研究
和绿色超级稻分子设计育种提供必需的基因组遗传信息，中国农业科学院、国际水稻研究所、华大…",https://www.lifescience.net.cn/html/201810/20181003.htm,"黎珉， 王文生， 徐建龙， 黎志康 - 生命科学, 2018 - lifescience.net.cn",2018
基因芯片技术在植物基因克隆中的应用研究进展,"基因芯片是以预先设计的方式将大量的生物讯息密码(寡核苷酸, cDNA, 基因组DNA 等) 固定在玻片, 硅片等固相载体上组成的密集分子阵列. 基因芯片技术本质是生物信号的平行分析, 它利用核酸分子杂交原理, 通过荧光标记技术检测杂交亲和与否, 再经过计算机分析处理可迅速 …",http://www.cqvip.com/qk/97024x/200901/29506026.html,"…， 闫彩霞， 张廷婷， 郑奕雄， 毕玉平， 陈高， 单世华 - 基因组学与应用生物 …, 2009 - cqvip.com",2009
基于简化基因组的花生InDel 标记开发和功能解析,"(1 山东省花生研究所, 青岛266000; 2 中国海洋大学食品科学与工程学院, 青岛266101) 摘要: InDel 在基因组中的分布密度仅次于SNP, 可作为动植物群体遗传分析, 分子辅助育种等研究领域的有效分子标记. 花生是世界范围内重要的油料作物之一. 目前, 花生栽培种全基因组已经 …",https://www.zwyczy.cn/zwyczyxb/ch/reader/create_pdf.aspx?file_no=20180517003,"王娟， 刘宇， 李春娟， 闫彩霞， 赵小波， 单世华 - 植物遗传资源学报, 2019 - zwyczy.cn",2019
中国梅花研究获突破性进展--全基因组测序完成研究论文在国际权威杂志发表,"… 中国梅花研究获突破性进展--全基因组测序完成研究论文在国际权威杂志发表 … 摘要：2012年
12月27日，北京林业大学教授张启翔领衔的国家花卉工程技术研究中心与深圳华大基因研究院、北京
林福科源花卉有限公司等3家单位通力合作，完成了首个梅花全基因组测序研究， …",http://www.cqvip.com/qk/83692x/201302/45074855.html,"程堂仁 - 中国花卉园艺, 2013 - cqvip.com",2013
CRISPR/Cas 基因组编辑技术研究进展及其在植物中的应用,"… 体的筛选, 并对CRISPR/Cas9系统的 表观遗传调控进行了分析。最后我们详细阐述了
CRISPR/Cas9技术在植物中的最新应用进展, 并对CRISPR/ Cas9系统的发展和应用前景进行了展望
, 希望为开展植物基因组编辑方面的研究工作提供参考。 关键词: CRISPR/Cas9; 基因组编辑; 植物 …",http://www.plant-physiology.com/upload/file/201908271636424399.pdf,"丁莉萍， 张杰伟， 马艳， 陈亚娟， 王宏芝… - 植物生理学报, 2019 - plant-physiology.com",2019
,,,"墨宏山 - 中国基础科学, 2014",0
“人工再造生命体” 或开启人类进步新纪元,"… 摘要：2017年3月11日，深圳华大基因研究院、深圳国家基因库和天津大学在深圳共同举办酵母
基因组人工合成项目（Sc2.0Project）重大成果… 虎，中科院院士、华大基因理事长杨焕明，华大基因
研究院院长、深圳国家基因库执行主任徐讯，Science杂志中国区负责人相艳，华大基因股份有限…",http://www.cqvip.com/qk/70988x/201705/7000197958.html,"赵军 - 创新时代, 2017 - cqvip.com",2017
枝干树皮宏基因组DNA 的提取,"… 植物叶片、果实等材料中 提取出DNA［5，6］。植物DNA 的提取方法有很多， 传统的方法有CTAB 
法和SDS 法，国内外生物公司 还开发了多种商品化的植物DNA 提取试剂盒，但由 于不同植物中次
生代谢产物的种类和含量差异很大， 有时同种植物… 世纪，16S 引物由北京华大基因合成，引物…",http://biotech.aiijournal.com/CN/abstract/abstract10955.shtml,"赵玲云， 范东颖， 李燕芳， 颜霞， 黄丽丽 - 生物技术通报, 2016 - biotech.aiijournal.com",2016
水稻基因组结构变异的生物信息学分析,"… 粮食作物,也是单子叶植物基因组研究的模式植物。结构变异被认为是复杂的基因组重排,已经在人
… 差异的分析主要局限于SNP和较短的InDel上,对较大的结构变异还难以分析,因此结构变异对… 
体亲本华粳籼74(HJX74)进行了全基因组结构变异分析。主要研究结果如下:1.与参考基因组日本晴…",https://cdmd.cnki.com.cn/Article/CDMD-10564-1016922963.htm,徐兴兵 - 2016 - cdmd.cnki.com.cn,0
cDNA 微阵列技术在植物功能基因组学研究中的应用,"摘要: cDNA 微阵列(cDNAMicroarrays) 技术是近年发展起来的分子生物学研究新型工具, 以
分子杂交为基本原理, 在检测植物基因表达水平, 研究基因表达图谱, 特异基因检测以及发现新
基因和分离差异表达基因等方面有着独特的优势, 已成为植物功能基因组学研究的重要手段. …",http://biotech.aiijournal.com/CN/abstract/abstract9237.shtml,"樊金娟， 赵开军， 徐正进 - 生物技术通报, 2004 - biotech.aiijournal.com",2004
基于5 993 个核基因的被子植物系统发育关系研究,"… 深圳华大生命科学研究院,广东深圳518083;2. 深圳市华大农业应用研究院,广东深圳518120; … 
系统 发育的研究,大多使用质体基因,线粒体基因或少数保守的单拷贝核基因.本研究从已注释 基因组
或转录组中搜集88 种被子植物(包含58 目)的核基因集;通过对其进行同源基因聚 类及去旁系同…",http://chinaxiv.org/user/download.htm?id=30022&filetype=pdf&sa=U&ved=2ahUKEwjt_Yf5pMrxAhVYyYsBHSQ2AAc4ChAWMAl6BAgCEAE&usg=AOvVaw2tvGXarVQ-i5K66Xvuu3Wu,"金鑫， 程书， 杨拓， 余慷， 段肖霞， 倪雪梅， 李世明… - 广西植物, 2020 - chinaxiv.org",2020
华仁杏品种资源SSR 指纹图谱构建研究,"… 、经济、社会效益。华仁杏种质资源丰富形态标记难以区分。植物DNA分子标记技术是对植物
基因组的直接探测，不受环境与植物生长发育阶段的影响与限制，故该鉴定方法较形态标记更为
科学、准确和便捷。本研究应用SSR分子标记技术，开发华仁杏EST-SSR引物，构建华仁杏种质资源…",https://cdmd.cnki.com.cn/Article/CDMD-82201-1013378543.htm,秦玥 - 2013 - cdmd.cnki.com.cn,0
中国遗传技术为英国提供的思考——英国皇家学会就基因技术访华,"… 植物应该超出转基因生物的立法范围——一个瑞典科 学家为了证明这一点，将一份基因组编辑
的食物端上自己的餐 桌。考虑到在与欧盟重新谈判的情况下，英国存在新的国家监 管框架的可能
性。目前情况看来，美国不把基因组编辑的植物 … 和欧盟 的立场可能占更大的分量，而非美国立场…",http://www.kjdb.org/CN/article/downloadArticleFile.do?attachType=PDF&id=14711,"田恬 - 科技导报, 2017 - kjdb.org",2017
从水稻基因组序列中挖掘生物信息,"… 为基础，利用同义替换 率分布方法检测到另一次更古老的(单双子叶 植物分化前)基因组倍增
事件口．该研究的最 新进展是中科院北京基因组研究所(华大)刚刚 发表的水稻基因组精细图分析
结果也同样证实 了水稻基因组的倍增，同时，另外一个独立 的课题组最近也获得了同样的结论l】． …",http://ibi.zju.edu.cn/bioinplant/Publication/fan_guo_Jzus.pdf,樊龙江， 郭兴益 - 2005 - ibi.zju.edu.cn,0
植物功能基因组研究主要方法在茶树上的应用,"… 摘要：随着大量基因序列的产生，植物基因组研究已从结构基因组转向功能基因组研究，随之
一些新的方法和 技术相继建立。茶树庞大而复杂的基因组，使得茶树功能基因组研究起步较晚，但
也取得了很大的进步。本文 就茶树在应用这些新技术研究功能基因组所取得的进展和突破进行概述…",http://www.tea-science.com/EN/10.13305/j.cnki.jts.2012.04.013,"乔小燕， 陈栋， 李家贤， 吴华玲， 黄华林， 何玉媚… - 茶叶科学, 2019 - tea-science.com",2019
莲叶绿体基因组图谱的构建及其系统进化分析,"… BI三种算法进行系统进化分析。结果表明,莲属为双子叶植物,莲科应该归类到山龙眼目(分类名称
)中。… 华大基因对其进行全基因组de novo测序初步结果的基础上,通过基因组调查,对中间湖莲
基因组大小,基因组杂合度,重复序列含量和GC含量进行了分析。初步分析结果表明,中间湖莲基因组…",https://cdmd.cnki.com.cn/Article/CDMD-10486-1011403909.htm,全志武 - 2011 - cdmd.cnki.com.cn,0
水稻(籼稻) 全基因组框架序列研究简介,"… 全基因组中大约42.2%的序列是重复序列，并且大部分的转座子 位于基因间区域。在水稻基因组
的全景分析以及与拟南芥基因组的比较分析的同时，我们还分析了植 物和人在基因组… 和氨基酸
使用上的梯度效应。这种 单子叶植物区别于双子叶植物的梯度效应很可能是造成大约一半的水稻…",https://www.chinbullbotany.com/CN/article/downloadArticleFile.do?attachType=PDF&id=956,"丛丽娟， 李蔚， 杨焕明 - 植物学报, 2002 - chinbullbotany.com",2002
玉米叶片基因组快速提取方法研究,"SSR (Simple Sequence Repeat) 分子标记技术已经成为玉米常规育种某些性状辅助选择的重要手段, 需要对大量个体样本进行标记分析. 高效, 快速提取植物组织基因组DNA 是关键的技术环节. 本研究以高油玉米回交世代群体25~ 30d 单株幼叶为材料, 建立以EDTA …",http://www.cqvip.com/qk/97657x/201003/1001476788.html,"穆春华， 张发军， 李文才， 孙琦， 丁照华， 王磊， 孟昭东 - 玉米科学, 2010 - cqvip.com",2010
美丽芍药叶绿体全基因组解析及系统发育分析,"… 植物的叶绿体全基因组进行了比较基因组学和系统发育分析。结果显示，美丽芍药叶绿体基因组
全长152 731 bp，GC含量为38.4%，具有被子植物叶绿体基因组典型的四分体结构，包括一个大
… , 利用Illumina HiSeq X Ten平台进行双端测序, 测序读长为150 bp。测序工作由华大基因完成。 …",http://html.rhhz.net/YXXB/html/20200124.htm,"张明英， 王西芳， 高静， 刘阿萍， 颜永刚， 杨新杰， 张岗 - 药学学报, 2020 - html.rhhz.net",2020
宏基因组学在植物病害研究中的应用,"… 、豌 豆根腐病以及柑橘黄龙病等植物病害给植物的生产 和利用造成了极大的损失，现利用宏
基因组学可直 … 植物病毒学的大部分 研究都集中在农作物和观赏植物中的致病病毒，但 宏基因组
研究表明，野生植物中的病毒也非常丰富， 而且被病毒感染的植物通常无症状［36］，另外互惠型 植物…",http://biotech.aiijournal.com/CN/10.13560/j.cnki.biotech.bull.1985.2020-0207,"汪盼盼， 杨野， 刘迪秋， 崔秀明， 刘源 - 生物技术通报, 2020 - biotech.aiijournal.com",2020
,,,"粤文 - 食品开发, 2014",0
Sdg 近等基因系间水稻茎的差异蛋白质组分析,"正半矮植物具有抗倒伏性和氮利用率高等特点, 是水稻品种研究的一个重要方向. 由NJ6 与带有
一个矮基因sdg 的水稻变种Xinguiai 回交5 次后, 得到一个sdg 基因的近等基因系, sdg 突变型. 
该突变型不仅表现为矮秆, 叶片变宽, 叶鞘及叶片的颜色加深, 而且分蘖能力也增加. sdg 基因的…",https://cpfd.cnki.com.cn/Article/CPFDTOTAL-IGSS200408001068.htm,"赵彩凤， 李晓波， 王敬强， 赵康， 邵建敏… - 中国蛋白质组学第二届 …, 2004 - cpfd.cnki.com.cn",2004
水稻基因组测序的研究进展,"… 的测序T作已在世界范围内展开。此项研究工作不仅能破译水稻全基因组序列,还将有助于了解 
其他禾本科植物的基因组信息。本文对水稻基因组… 上 的分布和植物基因组的进化提供重要的依据
。 2001年10月,中国科学院基因组信息学中心暨华太基 因研究中心等单位承担的中国水稻基因组“…",http://www.chinagene.cn/CN/article/downloadArticleFile.do?attachType=PDF&id=575,"杨宇， 陈瑞阳 - 遗传, 2001 - chinagene.cn",2001
植物中转基因的整合机制,"… 个国家推广种植。尽管植物遗传转化技术在基 础研究和应用研究中的价值得到了很大体现, 美中 
… 、多位点、随机地整合到植物 基因组中, 转基因的表达活性和转基因植物的表现 型很难预测, … 
已成为转基因植物应用的一大障碍。转基因 的表达和遗传稳定性主要取决于转基因在植物基 因组中…",http://manu60.magtech.com.cn/biotech/CN/abstract/abstract456.shtml,"赵艳， 于彦春， 黄大年 - 中国生物工程杂志, 2003 - manu60.magtech.com.cn",2003
,,,"夏静好 - 南方人物周刊, 2013",0
棕榈藤基因组DNA 提取及RAPD 反应条件探索,"棕榈藤(rattan) 是棕榈科(Palmae Juss) 藤本植物, 属棕榈科省藤亚科(Calamoideae) 省藤族(Calameae) 植物, 包括13 属600 余种, 主要分布于热带地区[1]. 棕榈藤是热带森林宝库中的多用途植物资源, 具有很高的经济价值和开发前景, 是仅次于木材和竹材的重要林产品 …",http://lykxyj.xml-journal.net/fileLYKXYJ/journal/article/lykxyj/2004/6/PDF/20040623.pdf,李发根， 杨华， 尹光天， 许煌灿， 甘四明 - 2004 - lykxyj.xml-journal.net,0
"基于叶绿体基因组的长梗秦艽, 全萼秦艽物种DNA 分子标记与鉴定","藏药“解吉” 为多来源品种之一, 基原涉及龙胆科龙胆属(Gentiana) 秦艽组(Sect. Cruciata) 长梗秦艽Gentiana waltonii Burk. 及全萼秦艽Gentiana lhassica Burk. 等多种植物. 在课题组前期民族植物学考察及品种整理基础上, 本文首次分别测定两种基原植物的叶绿体全 …",http://html.rhhz.net/YXXB/html/20210933.htm,"董博然， 赵志礼， 倪梁红， 嘎务， 刘铜华 - 药学学报, 2021 - html.rhhz.net",2021
埃塞俄比亚芥与诸葛菜属间杂种的基因组原位杂交分析,"用幼胚培养方法重新获得的埃塞俄比亚芥(Brassica carinata A. Braun, 2n= 34) 与诸葛菜(Orychophragmus violaceus (L.) OE Schulz, 2n= 24) 的属间杂种仍为混倍体(2n= 14~ 34), 2n= 34 细胞的频率最高; 绝大多数花粉母细胞(PMCs) 表现正常的17 个二价体配对和17∶ 17 …",http://www.cqvip.com/qk/94431x/200504/15501663.html,"朱旺升， 徐晶， 华玉伟， 李再云 - 西北植物学报, 2005 - cqvip.com",2005
大麻状罗布麻的全基因组分析和SSR 标记开发,"… 5 月美国国家植物基因组计划（NPGI） 首次提出，通过对植物全基因组的… 植物的有用特性。2010 
年，我国 学者陈士林提出了“本草基因组计划（HerbGP）”， 具有重要经济价值和典型次生代谢途径
的药用植 物进行全基因组测序和后基因组学研究的系列计 划［22］。对于探索未知物种的基因组…",http://www.zwyczy.cn/zwyczyxb/ch/reader/create_pdf.aspx?file_no=20181218002&year_id=2019&quarter_id=5&falg=1,"宋立肖， 李国旗， 靳长青， 龚诗佩 - 植物遗传资源学报, 2019 - zwyczy.cn",2019
利用DNA ISSR 分子标记技术对芍药属植物栽培品种的分类鉴定方法,"… 该分类方法类似于经典的植物形态检索表式 的分类策略, 不同之处在于利用基因组D NA 分子性 
… 植物研究所邹喻苹研究员、 周世良博士、 鲁迎青博士、魏伟博士热情指导IS R 实验并慷慨债蜡
IS R 引物等供实验筛选, 李利华主任、 张治明研究员、 钱伟博士、 张富民博士以及中科院北京华大…",http://biotech.aiijournal.com/CN/abstract/abstract4471.shtml,"索志立 - 生物技术通报, 2008 - biotech.aiijournal.com",2008
基于SRAP 技术的姜科植物遗传多样性分析,"… 植物为材料,运用 SRAP技术扩增姜科植物的基因组获得指纹图谱, 利用NTSYS-pc2.1和
UPGMA分别分析其遗传相 似系数和构建遗传聚类树图,分析姜科植物种群间 的遗传多样性,以期为姜
科植物… 和植物基因组DNA提取试剂盒,均 购自天根生化科技(北京)有限公司;SRAP引物,由 深圳华大…",http://gznykx.org.cn/Jweb_gznykx/CN/article/downloadArticleFile.do?attachType=PDF&id=2964,"袁琳， 代亚坤， 高炳淼 - 贵州农业科学, 2020 - gznykx.org.cn",2020
芍药肌动蛋白基因组DNA 的克隆及分析,"… [10]、芍药[11] 等高等植物中克隆出Actin cDNA。Actin 表达量大且 基本恒定，因此在功能基因的
… 切位点，用于对克隆的阳性 重组子进行双酶切鉴定，引物序列由北京华大基因 研究中心合成。 … 
双酶切进一步鉴定， 将阳性重组子送至北京华大基因研究中心测序。 2.5 芍药Actin 基因结构分析 …",http://www.tiprpress.com/zcy/ch/reader/create_pdf.aspx?file_no=20141421,"范丙友， 张文婷， 徐杰， 骞光耀， 高水平， 郭丽丽… - 中草药, 2014 - tiprpress.com",2014
基因组编辑技术研究进展,"… 正负链的序列），识别结构域将两个ZFN 结合到基因组特定位点，当两个识别位点的间距为 6-8 … 
的TALE 蛋 白，这种蛋白最初来源于一种植物病原菌——黄单 胞杆菌（Xanthomonas）。与锌指… 
的排列顺序即可决定识别不同的DNA 序列。在 植物基因组中，原始的TALE 识别序列一般从T 开 始…",http://manu64.magtech.com.cn/Jwk3_nky_rwd/EN/abstract/abstract13291.shtml,"吴璐， 王磊， 任远， 原辉 - 生物技术通报, 2014 - manu64.magtech.com.cn",2014
普通烟草LBD 基因家族的全基因组序列鉴定与表达分析,"LBD 是一类具有LOB (lateral organ boundaries) 结构域的基因家族, 在植物发育过程中起到非常重要的作用. 采用生物信息学方法, 根据拟南芥LBD 基因序列鉴定了普通烟草基因组中的LBD 基因, 并对家族成员进行了序列特征, 系统发育和表达谱分析. 结果表明 …",http://www.cqvip.com/qk/84467a/201602/668252133.html,"孙亭亭， 龚达平， 张磊， 陈雅琼， 赵维， 向小华… - 植物遗传资源学报, 2016 - cqvip.com",2016
利用ISSR 和RAPD 对白桦纤维长度性状的标记研究[D],"本项研究通过测量和分析白桦天然种群中的583 株个体的纤维长度, 选择其中100 株个体, 对这100 株个体的基因组进行ISSR 和RAPD 扩增分析, 通过分析扩增条带与对应纤维长度的相关性, 筛选出与白桦长纤维性状显著相关的SCAR 标记. 主要结果如下: 1 …",https://cdmd.cnki.com.cn/Article/CDMD-10225-2006110296.htm,潘华 - 2006 - cdmd.cnki.com.cn,0
毛竹大片段双元细菌人工染色体基因组文库的构建,"… 基 因整合到植物基因组中进行功能验证! 是研究基因功能' 基因的表达调控以及作物遗传改良的
快速可靠 途径"" BIBAC 已应用于一些植物基因组文库的… 彭 正华等#10$首次对竹类植物功能基因组
学进行了探讨! 开发了包括10 608 个全长cDNA 片段%FL cDNAs&和 约3 万个表达序列标签%…",https://zlxb.zafu.edu.cn/fileZJNLDXXB/journal/article/zjnldxxb/2011/4/PDF/28-4-1.pdf,"管雨， 杨洋， 张智俊， 罗淑萍， 汤定钦 - 浙江农林大学学报, 2011 - zlxb.zafu.edu.cn",2011
叶锈菌胁迫下的小麦基因组MSAP 分析,"… 作用。生物胁迫为植物提供一种内在的表观遗传进化动力。研究生物胁迫下DNA 甲… 基因组
DNA 胞嘧啶甲基化模式。用60 对MSAP 引物对接种前后的小麦DNA 进行全基因组筛选, 没 有直接
分离得到接菌前后的甲基化模式的差异, 结果初步表明, 叶锈菌并没有诱导稳定且特异的植物基因组 …",http://www.chinagene.cn/EN/abstract/abstract1926.shtml,"付胜杰， 王晖， 冯丽娜， 孙一， 杨文香， 刘大群 - 遗传, 2009 - chinagene.cn",2009
作物基因组学研究进展,"… Ｃｏｎｔｉｇ）组成的水稻基因组。 该研究组 装了蜀恢４９８除了５个着丝粒区域和少数几个串联 重复
序列区域以外的… 基因组，与已公布的水稻 及拟南芥等植物基因组相比，蜀恢４９８ 的基因组具 有
更高的完整性、更好的连续性以及更低的错误率， 是目前所有高等动植物中组装质量最高的基因组…",http://www.zwyczy.cn/zwyczyxb/ch/reader/create_pdf.aspx?file_no=20180410008&year_id=2018&quarter_id=3&falg=1,"唐丁， 吕慧颖， 王珏， 葛毅强， 魏珣， 杨维才， 程祝宽 - 植物遗传资源学报, 2018 - zwyczy.cn",2018
簇毛麦基因组特异D NA 序列标记的建立和应用,"(电子科技大学生命科学与技术学院, 四川成都610054) 摘要: 为建立簇毛麦基因组特异DNA 序列的分子标记, 以普通小麦中国春, 绵阳11, 川农17 和R111 以及多年生簇毛麦, 硬粒小麦2 多年生簇毛麦双二倍体TDB23 为材料, 用120 条随机引物进行RAPD 分析 …",http://mlzwxb.cnjournals.com/mlzwxb/ch/reader/create_pdf.aspx?file_no=200604138&flag=1&journal_id=mlzwxb&year_id=2006,"迟世华， 杨足君， 冯娟， 周建平， 刘成… - 麦类作物学报, 2006 - mlzwxb.cnjournals.com",2006
,,,张业胜 - 2015,0
世界权威学术期刊隆重发表中国科学院水稻基因组论文《 科学》 杂志: 殊荣赠予中国,"… 华大基因研究中心和杭州, 上海, 长沙和西安等地共ll 家中国研究机构近百名研究人员, 在题为《 
水稻基因组序列草图》 的论文中宣布, 他们采用全基因组… 研究人员认为, 较小基因的大量重复, 可能
是植物适应性进化所需蛋白质多样性的原因, 这也许可以解释水稻基因为何这么多. 4 月5 日出版…",http://www.cqvip.com/qk/81728x/2002006/7196032.html,"毛磊 - 科技文萃, 2002 - cqvip.com",2002
叶绿体全基因组序列确定钻天柳在杨柳科中的系统发育位置,"… 深圳华大基因科技有限公司, 广东深圳518083 … 拼接得到钻天柳叶绿体基因组全序列，并与已
发表的9种杨属植物和4种柳属植物的叶绿体基因组全序列进行比较，采用最大似然法、最大简约法
和贝叶斯推断法分析了这些物种的系统发育关系。 结果研究发现：钻天柳总基因组为155 661 bp，…",http://www.lykxyj.com/article/doi/10.13275/j.cnki.lykxyj.2019.02.011,"冯楚航， 何彩云， 王莹， 曾艳飞， 张建国 - 林业科学研究, 2019 - lykxyj.com",2019
高压导致水稻变异品系发生DNA 甲基化模式及基因组结构的改变,"用高压力诱变水稻品种"" 毕粳38"", 产生了两个稳定的变异: 变异1 与变异2. 对原种及两个变异品系的基因组DNA 及Hpa Ⅱ/Msp Ⅰ 酶切后的基因组DNA 采用ISSR 及RAPD 分析; 并通过特异引物分析水稻的转座子mPing 的变化; 且对变异片段纯化测序; …",http://www.cqvip.com/qk/98490x/200506/20953022.html,"申斯乐， 王振伟， 单晓辉， 王华， 李玲， 林秀云， 龙丽坤… - 中国科学: C 辑, 2005 - cqvip.com",2005
茶树EST-SSRs 在山茶科植物中的通用性研究,"[目的] 研究茶树EST-SSRs 在山茶科植物中的通用性.[方法] 选用来源于茶树EST 序列的7 对EST-SSRs 引物, 对山茶科植物的19 份材料进行了扩增.[结果] 7 对EST-SSRs 引物中有5 对引物能对19 个供试材料进行有效扩增, 通用性比率为71.43%; 扩增率最高的为云南山茶凤 …",http://www.cqvip.com/qk/90168x/201113/37810452.html,"程小毛， 陈自兰， 王华 - 安徽农业科学, 2011 - cqvip.com",2011
转基因植物中外源基因的整合特性及其研究策略,"… 方式有较大区别, 不同的研究者所采用的研究策略亦有所区别。本文综述 并分析了外源基因在
转基因植物中的整合… 植物基因组DNA 通过核酸外切酶产生单链3' 突出端; ⅱ. 这个3' 突出端与
T-DNA 的左边界中的 少数几个同源碱基… 北京：科学出版社，623~624 华志华，黄大年, 1999. 转基因…",https://www.chinbullbotany.com/CN/abstract/abstract1083.shtml,"曾凡锁， 詹亚光 - 植物学报, 2004 - chinbullbotany.com",2004
山东地区啮齿类动物病毒宏基因组研究,"… 消化的方法对标本进行预处理并提取核酸;提取核酸后,送到华大基因科技股份有限公司进行
Hiseq高通量测序;利用实验室建立好的… ,植物病毒19个科66个属,无脊椎动物10个科17个属,另外
噬菌体16个科40个属;组织标本的序列划分为35个科和78个属,包括脊椎动物病毒18个科44个属,植物…",https://cdmd.cnki.com.cn/Article/CDMD-11065-1018879771.htm,刘蒙蒙 - 2018 - cdmd.cnki.com.cn,0
植物蛋白质组学研究进展Ⅰ. 蛋白质组关键技术,"… 摘要: 随着模式植物拟南芥和水稻基因组测序相继完成, 使植物基因组学研究成功迈入到功能
基因组学研究 的时代。这为蛋白质组学产生及其发展奠定了坚实的基础。文章重点介绍了蛋白质
组学的概念、产生背景和蛋 白质组学的关键技术。蛋白质组学的关键技术包括双向电泳、高效液相…",http://www.chinagene.cn/CN/10.1360/yc-006-1472,"阮松林， 马华升， 王世恒， 忻雅， 钱丽华， 童建新… - 遗传, 2006 - chinagene.cn",2006
